PRODUTO;ACABAMENTO;-;head1;head2
ARTIFICIAL - NEO QUARTZ WHITE NORTH;POLIDO;NEO QUARTZ WHITE NORTH;NEO QUARTZ WHITE NORTH;POLIDO
ARTIFICIAL - NEO QUARTZ WHITE NORTH;POLIDO;NEO QUARTZ WHITE NORTH;NEO QUARTZ WHITE NORTH;POLIDO
ARTIFICIAL - NEO QUARTZ STELLAR GREY;POLIDO;NEO QUARTZ STELLAR GREY;NEO QUARTZ STELLAR GREY;POLIDO
ARTIFICIAL - NEO QUARTZ SKY BLACK;POLIDO;NEO QUARTZ SKY BLACK;NEO QUARTZ SKY BLACK;POLIDO
ARTIFICIAL - NEO QUARTZ PURE BROWN;POLIDO;NEO QUARTZ PURE BROWN;NEO QUARTZ PURE BROWN;POLIDO
ARTIFICIAL - NEO QUARTZ PURE BLACK;POLIDO;NEO QUARTZ PURE BLACK;NEO QUARTZ PURE BLACK;POLIDO
ARTIFICIAL - NEO QUARTZ PURE DARK BROWN (TABACO);POLIDO;NEO QUARTZ PURE DARK BROWN (TABACO);NEO QUARTZ PURE DARK BROWN (TABACO);POLIDO
ARTIFICIAL - QUARTZO CALACATTA AMOSTRA;POLIDO;QUARTZO CALACATTA AMOSTRA;QUARTZO CALACATTA AMOSTRA;POLIDO
ARTIFICIAL - NEO NANO PLUS;POLIDO;NEO NANO PLUS;NEO NANO PLUS;POLIDO
ARTIFICIAL - NEO PRIME BEIGE;POLIDO;NEO PRIME BEIGE;NEO PRIME BEIGE;POLIDO
ARTIFICIAL - NEO PRIME DARK GREY;POLIDO;NEO PRIME DARK GREY;NEO PRIME DARK GREY;POLIDO
ARTIFICIAL - NEO PRIME CREMA;POLIDO;NEO PRIME CREMA;NEO PRIME CREMA;POLIDO
ARTIFICIAL - NEO PRIME STATUARIO;POLIDO;NEO PRIME STATUARIO;NEO PRIME STATUARIO;POLIDO
ARTIFICIAL - NUOVOLAM APEIRON NATURALE;ACETINADO;NUOVOLAM APEIRON NATURALE;NUOVOLAM APEIRON NATURALE;ACETINADO
ARTIFICIAL - NUOVOLAM OPERA NATURALE;ACETINADO;NUOVOLAM OPERA NATURALE;NUOVOLAM OPERA NATURALE;ACETINADO
ARTIFICIAL - NUOVOLAM BOULEVARD GREY NATURALE;ACETINADO;NUOVOLAM BOULEVARD GREY NATURALE;NUOVOLAM BOULEVARD GREY NATURALE;ACETINADO
ARTIFICIAL - NUOVOLAM BOULEVARD WHITE NATURALE;ACETINADO;NUOVOLAM BOULEVARD WHITE NATURALE;NUOVOLAM BOULEVARD WHITE NATURALE;ACETINADO
ARTIFICIAL - NUOVOLAM CALACATTA CREAM LIGHT NATURALE;ACETINADO;NUOVOLAM CALACATTA CREAM LIGHT NATURALE;NUOVOLAM CALACATTA CREAM LIGHT NATURALE;ACETINADO
ARTIFICIAL - NUOVOLAM CALACATTA CREAM LIGHT LUCIDATO;POLIDO;NUOVOLAM CALACATTA CREAM LIGHT LUCIDATO;NUOVOLAM CALACATTA CREAM LIGHT LUCIDATO;POLIDO
ARTIFICIAL - NUOVOLAM CALACATTA CREAM LIGHT LUCIDATO;POLIDO;NUOVOLAM CALACATTA CREAM LIGHT LUCIDATO;NUOVOLAM CALACATTA CREAM LIGHT LUCIDATO;POLIDO
ARTIFICIAL - NUOVOLAM CALACATTA ORO NATURALE;ACETINADO;NUOVOLAM CALACATTA ORO NATURALE;NUOVOLAM CALACATTA ORO NATURALE;ACETINADO
ARTIFICIAL - NUOVOLAM CALACATTA ORO NATURALE;ACETINADO;NUOVOLAM CALACATTA ORO NATURALE;NUOVOLAM CALACATTA ORO NATURALE;ACETINADO
ARTIFICIAL - NUOVOLAM CALACATTA PURA NATURALE;ACETINADO;NUOVOLAM CALACATTA PURA NATURALE;NUOVOLAM CALACATTA PURA NATURALE;ACETINADO
ARTIFICIAL - NUOVOLAM CALACATTA PURA LUCIDATO;POLIDO;NUOVOLAM CALACATTA PURA LUCIDATO;NUOVOLAM CALACATTA PURA LUCIDATO;POLIDO
ARTIFICIAL - NUOVOLAM CALACATTA VIOLA NATURALE;ACETINADO;NUOVOLAM CALACATTA VIOLA NATURALE;NUOVOLAM CALACATTA VIOLA NATURALE;ACETINADO
ARTIFICIAL - NUOVOLAM CALACATTA VIOLA LUCIDATO;POLIDO;NUOVOLAM CALACATTA VIOLA LUCIDATO;NUOVOLAM CALACATTA VIOLA LUCIDATO;POLIDO
ARTIFICIAL - NUOVOLAM CARRARA NATURALE;ACETINADO;NUOVOLAM CARRARA NATURALE;NUOVOLAM CARRARA NATURALE;ACETINADO
ARTIFICIAL - NUOVOLAM CARRARA LUCIDATO;POLIDO;NUOVOLAM CARRARA LUCIDATO;NUOVOLAM CARRARA LUCIDATO;POLIDO
ARTIFICIAL - NUOVOLAM CEMENT ASH NATURALE;ACETINADO;NUOVOLAM CEMENT ASH NATURALE;NUOVOLAM CEMENT ASH NATURALE;ACETINADO
ARTIFICIAL - NUOVOLAM CEPPO DI GRE NATURALE;ACETINADO;NUOVOLAM CEPPO DI GRE NATURALE;NUOVOLAM CEPPO DI GRE NATURALE;ACETINADO
ARTIFICIAL - NUOVOLAM HERMON GREY VEIN NATURALE;ACETINADO;NUOVOLAM HERMON GREY VEIN NATURALE;NUOVOLAM HERMON GREY VEIN NATURALE;ACETINADO
ARTIFICIAL - NUOVOLAM HERMON GREY VEIN NATURALE;ACETINADO;NUOVOLAM HERMON GREY VEIN NATURALE;NUOVOLAM HERMON GREY VEIN NATURALE;ACETINADO
ARTIFICIAL - NUOVOLAM MERAKI NATURALE;ACETINADO;NUOVOLAM MERAKI NATURALE;NUOVOLAM MERAKI NATURALE;ACETINADO
ARTIFICIAL - NUOVOLAM MERAKI LUCIDATO;POLIDO;NUOVOLAM MERAKI LUCIDATO;NUOVOLAM MERAKI LUCIDATO;POLIDO
ARTIFICIAL - NUOVOLAM NERO MARQUINA NATURALE;ACETINADO;NUOVOLAM NERO MARQUINA NATURALE;NUOVOLAM NERO MARQUINA NATURALE;ACETINADO
ARTIFICIAL - NUOVOLAM NERO MARQUINA LUCIDATO;POLIDO;NUOVOLAM NERO MARQUINA LUCIDATO;NUOVOLAM NERO MARQUINA LUCIDATO;POLIDO
ARTIFICIAL - NUOVOLAM PIETRA GRIGIA LUCIDATO;POLIDO;NUOVOLAM PIETRA GRIGIA LUCIDATO;NUOVOLAM PIETRA GRIGIA LUCIDATO;POLIDO
ARTIFICIAL - NUOVOLAM PORTORO NATURALE;ACETINADO;NUOVOLAM PORTORO NATURALE;NUOVOLAM PORTORO NATURALE;ACETINADO
ARTIFICIAL - NUOVOLAM PORTORO LUCIDATO;POLIDO;NUOVOLAM PORTORO LUCIDATO;NUOVOLAM PORTORO LUCIDATO;POLIDO
ARTIFICIAL - NUOVOLAM SAHARA NOIR NATURALE;ACETINADO;NUOVOLAM SAHARA NOIR NATURALE;NUOVOLAM SAHARA NOIR NATURALE;ACETINADO
ARTIFICIAL - NUOVOLAM SOUND NATURALE;ACETINADO;NUOVOLAM SOUND NATURALE;NUOVOLAM SOUND NATURALE;ACETINADO
ARTIFICIAL - NUOVOLAM SOUND LUCIDATO;POLIDO;NUOVOLAM SOUND LUCIDATO;NUOVOLAM SOUND LUCIDATO;POLIDO
ARTIFICIAL - NUOVOLAM STATUARIO NATURALE;ACETINADO;NUOVOLAM STATUARIO NATURALE;NUOVOLAM STATUARIO NATURALE;ACETINADO
ARTIFICIAL - NUOVOLAM STATUARIO LUCIDATO;POLIDO;NUOVOLAM STATUARIO LUCIDATO;NUOVOLAM STATUARIO LUCIDATO;POLIDO
ARTIFICIAL - NUOVOLAM STRUCTURED MARBLE;ACETINADO;NUOVOLAM STRUCTURED MARBLE;NUOVOLAM STRUCTURED MARBLE;ACETINADO
ARTIFICIAL - NUOVOLAM TAJ MAHAL LUCIDATO;POLIDO;NUOVOLAM TAJ MAHAL LUCIDATO;NUOVOLAM TAJ MAHAL LUCIDATO;POLIDO
ARTIFICIAL - NUOVOLAM TINTA UNITA BIANCO LUCIDATO;POLIDO;NUOVOLAM TINTA UNITA BIANCO LUCIDATO;NUOVOLAM TINTA UNITA BIANCO LUCIDATO;POLIDO
ARTIFICIAL - NUOVOLAM TINTA UNITA NERO NATURALE;ACETINADO;NUOVOLAM TINTA UNITA NERO NATURALE;NUOVOLAM TINTA UNITA NERO NATURALE;ACETINADO
ARTIFICIAL - NUOVOLAM ARABESCATO NATURALE;ACETINADO;NUOVOLAM ARABESCATO NATURALE;NUOVOLAM ARABESCATO NATURALE;ACETINADO
ARTIFICIAL - NEO ULTRA ABSOLUTE BLACK BRUSHED;ACETINADO;NEO ULTRA ABSOLUTE BLACK BRUSHED;NEO ULTRA ABSOLUTE BLACK BRUSHED;ACETINADO
ARTIFICIAL - NEO ULTRA ABSOLUTE GREY MATTE;ACETINADO;NEO ULTRA ABSOLUTE GREY MATTE;NEO ULTRA ABSOLUTE GREY MATTE;ACETINADO
ARTIFICIAL - NEO ULTRA ABSOLUTE GREY POLISHED;POLIDO;NEO ULTRA ABSOLUTE GREY POLISHED;NEO ULTRA ABSOLUTE GREY POLISHED;POLIDO
ARTIFICIAL - NEO ULTRA ARMANI DARK GREY POLISHED;POLIDO;NEO ULTRA ARMANI DARK GREY POLISHED;NEO ULTRA ARMANI DARK GREY POLISHED;POLIDO
ARTIFICIAL - NEO ULTRA ARMANI LIGHT GREY MATTE;ACETINADO;NEO ULTRA ARMANI LIGHT GREY MATTE;NEO ULTRA ARMANI LIGHT GREY MATTE;ACETINADO
ARTIFICIAL - NEO ULTRA BEIGE TRAVERTINE TEXTURED;ACETINADO;NEO ULTRA BEIGE TRAVERTINE TEXTURED;NEO ULTRA BEIGE TRAVERTINE TEXTURED;ACETINADO
ARTIFICIAL - NEO ULTRA CALACATTA WHITE MATTE;ACETINADO;NEO ULTRA CALACATTA WHITE MATTE;NEO ULTRA CALACATTA WHITE MATTE;ACETINADO
ARTIFICIAL - NEO ULTRA CARMEN LIGHT GREY MATTE;ACETINADO;NEO ULTRA CARMEN LIGHT GREY MATTE;NEO ULTRA CARMEN LIGHT GREY MATTE;ACETINADO
ARTIFICIAL - NEO ULTRA CRISTALLO WHITE POLISHED;POLIDO;NEO ULTRA CRISTALLO WHITE POLISHED;NEO ULTRA CRISTALLO WHITE POLISHED;POLIDO
ARTIFICIAL - NEO ULTRA SANDSTONE MATTE;ACETINADO;NEO ULTRA SANDSTONE MATTE;NEO ULTRA SANDSTONE MATTE;ACETINADO
ARTIFICIAL - NEO ULTRA TRAVERTINO LIGHT TEXTURED;ESCOVADO;NEO ULTRA TRAVERTINO LIGHT TEXTURED;NEO ULTRA TRAVERTINO LIGHT TEXTURED;ESCOVADO
CHAPA - MARMORE BRANCO PARANA;POLIDO;MARMORE BRANCO PARANA;MARMORE BRANCO PARANA;POLIDO
CHAPA - GRANITO PRETO TITANIUM;POLIDO;GRANITO PRETO TITANIUM;GRANITO PRETO TITANIUM;POLIDO
CHAPA - TRAVERTINO ROMANO COMERCIAL;BRUTO;TRAVERTINO ROMANO COMERCIAL;TRAVERTINO ROMANO COMERCIAL;BRUTO
CHAPA - MARMORE NERO MARQUINA;POLIDO;MARMORE NERO MARQUINA;MARMORE NERO MARQUINA;POLIDO
CHAPA - MARMORE NERO MARQUINA;POLIDO;MARMORE NERO MARQUINA;MARMORE NERO MARQUINA;POLIDO
CHAPA - MARMORE NERO MARQUINA;POLIDO;MARMORE NERO MARQUINA;MARMORE NERO MARQUINA;POLIDO
CHAPA - MARMORE MARROM EMPERADOR;POLIDO;MARMORE MARROM EMPERADOR;MARMORE MARROM EMPERADOR;POLIDO
CHAPA - MARMORE CREMA MARFIL SELETO;POLIDO;MARMORE CREMA MARFIL SELETO;MARMORE CREMA MARFIL SELETO;POLIDO
CHAPA - MARMORE CREMA MARFIL SELETO;POLIDO;MARMORE CREMA MARFIL SELETO;MARMORE CREMA MARFIL SELETO;POLIDO
CHAPA - MARMORE CREMA MARFIL STANDARD;POLIDO;MARMORE CREMA MARFIL STANDARD;MARMORE CREMA MARFIL STANDARD;POLIDO
CHAPA - MARMORE CREMA MARFIL SELETO;POLIDO;MARMORE CREMA MARFIL SELETO;MARMORE CREMA MARFIL SELETO;POLIDO
CHAPA - MARMORE CREMA MARFIL STANDARD;POLIDO;MARMORE CREMA MARFIL STANDARD;MARMORE CREMA MARFIL STANDARD;POLIDO
CHAPA - MARMORE CREMA MARFIL STANDARD;POLIDO;MARMORE CREMA MARFIL STANDARD;MARMORE CREMA MARFIL STANDARD;POLIDO
CHAPA - MARMORE MARROM EMPERADOR;POLIDO;MARMORE MARROM EMPERADOR;MARMORE MARROM EMPERADOR;POLIDO
CHAPA - MARMORE CREMA MARFIL SELETO;POLIDO;MARMORE CREMA MARFIL SELETO;MARMORE CREMA MARFIL SELETO;POLIDO
CHAPA - LIMESTONE BATEIG BLUE;BRUTO;LIMESTONE BATEIG BLUE;LIMESTONE BATEIG BLUE;BRUTO
CHAPA - MARMORE NERO MARQUINA;POLIDO;MARMORE NERO MARQUINA;MARMORE NERO MARQUINA;POLIDO
CHAPA - MARMORE NERO MARQUINA;POLIDO;MARMORE NERO MARQUINA;MARMORE NERO MARQUINA;POLIDO
CHAPA - TRAVERTINO NAVONA CLASSICO;BRUTO;TRAVERTINO NAVONA CLASSICO;TRAVERTINO NAVONA CLASSICO;BRUTO
CHAPA - MARMORE BRANCO PIGHES;POLIDO;MARMORE BRANCO PIGHES;MARMORE BRANCO PIGHES;POLIDO
CHAPA - MARMORE BRANCO PIGHES;POLIDO;MARMORE BRANCO PIGHES;MARMORE BRANCO PIGHES;POLIDO
CHAPA - MARMORE BRANCO PIGHES;POLIDO;MARMORE BRANCO PIGHES;MARMORE BRANCO PIGHES;POLIDO
CHAPA - MARMORE BRANCO PIGHES;POLIDO;MARMORE BRANCO PIGHES;MARMORE BRANCO PIGHES;POLIDO
CHAPA - LIMESTONE CREMA MOCA;LEVIGADO;LIMESTONE CREMA MOCA;LIMESTONE CREMA MOCA;LEVIGADO
CHAPA - LIMESTONE CREMA MOCA;POLIDO;LIMESTONE CREMA MOCA;LIMESTONE CREMA MOCA;POLIDO
CHAPA - LIMESTONE CREMA MOCA;LEVIGADO;LIMESTONE CREMA MOCA;LIMESTONE CREMA MOCA;LEVIGADO
CHAPA - LIMESTONE CREMA MOCA;POLIDO;LIMESTONE CREMA MOCA;LIMESTONE CREMA MOCA;POLIDO
CHAPA - TRAVERTINO ROMANO CHIARO;BRUTO;TRAVERTINO ROMANO CHIARO;TRAVERTINO ROMANO CHIARO;BRUTO
CHAPA - TRAVERTINO ROMANO CHIARO;BRUTO;TRAVERTINO ROMANO CHIARO;TRAVERTINO ROMANO CHIARO;BRUTO
CHAPA - TRAVERTINO ROMANO COMERCIAL;BRUTO;TRAVERTINO ROMANO COMERCIAL;TRAVERTINO ROMANO COMERCIAL;BRUTO
CHAPA - TRAVERTINO NAVONA EXTRA;BRUTO;TRAVERTINO NAVONA EXTRA;TRAVERTINO NAVONA EXTRA;BRUTO
CHAPA - TRAVERTINO ROMANO COMERCIAL;BRUTO;TRAVERTINO ROMANO COMERCIAL;TRAVERTINO ROMANO COMERCIAL;BRUTO
CHAPA - TRAVERTINO NAVONA CLASSICO;BRUTO;TRAVERTINO NAVONA CLASSICO;TRAVERTINO NAVONA CLASSICO;BRUTO
CHAPA - GRANITO PRETO SAO GABRIEL EXTRA;POLIDO;GRANITO PRETO SAO GABRIEL EXTRA;GRANITO PRETO SAO GABRIEL EXTRA;POLIDO
CHAPA - GRANITO PRETO SAO GABRIEL EXTRA;POLIDO;GRANITO PRETO SAO GABRIEL EXTRA;GRANITO PRETO SAO GABRIEL EXTRA;POLIDO
CHAPA - GRANITO PRETO SAO GABRIEL EXTRA;POLIDO;GRANITO PRETO SAO GABRIEL EXTRA;GRANITO PRETO SAO GABRIEL EXTRA;POLIDO
CHAPA - GRANITO PRETO SAO GABRIEL EXTRA;POLIDO;GRANITO PRETO SAO GABRIEL EXTRA;GRANITO PRETO SAO GABRIEL EXTRA;POLIDO
CHAPA - GRANITO PRETO SAO GABRIEL EXTRA;POLIDO;GRANITO PRETO SAO GABRIEL EXTRA;GRANITO PRETO SAO GABRIEL EXTRA;POLIDO
CHAPA - QUARTZITO PRETO KHOUROS;ESCOVADO;QUARTZITO PRETO KHOUROS;QUARTZITO PRETO KHOUROS;ESCOVADO
CHAPA - QUARTZITO PLATINUM;POLIDO;QUARTZITO PLATINUM;QUARTZITO PLATINUM;POLIDO
CHAPA - QUARTZITO PERLA NAICA;POLIDO;QUARTZITO PERLA NAICA;QUARTZITO PERLA NAICA;POLIDO
CHAPA - QUARTZITO INVICTUS WHITE;POLIDO;QUARTZITO INVICTUS WHITE;QUARTZITO INVICTUS WHITE;POLIDO
CHAPA - GRANITO PRETO SAO GABRIEL EXTRA;POLIDO;GRANITO PRETO SAO GABRIEL EXTRA;GRANITO PRETO SAO GABRIEL EXTRA;POLIDO
CHAPA - TRAVERTINO NAVONA EXTRA;BRUTO;TRAVERTINO NAVONA EXTRA;TRAVERTINO NAVONA EXTRA;BRUTO
ARTIFICIAL - NEO QUARTZ CALACATTA FENIX;POLIDO;NEO QUARTZ CALACATTA FENIX;NEO QUARTZ CALACATTA FENIX;POLIDO
ARTIFICIAL - NEO QUARTZ SKY BLACK;POLIDO;NEO QUARTZ SKY BLACK;NEO QUARTZ SKY BLACK;POLIDO
ARTIFICIAL - NEO QUARTZ SKY BLACK;POLIDO;NEO QUARTZ SKY BLACK;NEO QUARTZ SKY BLACK;POLIDO
ARTIFICIAL - NUOVOLAM CALACATTA ORO LUCIDATO;POLIDO;NUOVOLAM CALACATTA ORO LUCIDATO;NUOVOLAM CALACATTA ORO LUCIDATO;POLIDO
ARTIFICIAL - NUOVOLAM TINTA UNITA BIANCO LUCIDATO;POLIDO;NUOVOLAM TINTA UNITA BIANCO LUCIDATO;NUOVOLAM TINTA UNITA BIANCO LUCIDATO;POLIDO
ARTIFICIAL - NUOVOLAM CALACATTA ORO NATURALE;ACETINADO;NUOVOLAM CALACATTA ORO NATURALE;NUOVOLAM CALACATTA ORO NATURALE;ACETINADO
ARTIFICIAL - NUOVOLAM OPERA NATURALE;ACETINADO;NUOVOLAM OPERA NATURALE;NUOVOLAM OPERA NATURALE;ACETINADO
ARTIFICIAL - NUOVOLAM BALLET NATURALE;ACETINADO;NUOVOLAM BALLET NATURALE;NUOVOLAM BALLET NATURALE;ACETINADO
ARTIFICIAL - NUOVOLAM BOULEVARD WHITE NATURALE;ACETINADO;NUOVOLAM BOULEVARD WHITE NATURALE;NUOVOLAM BOULEVARD WHITE NATURALE;ACETINADO
ARTIFICIAL - NUOVOLAM GREEN MAJESTIC LUCIDATO;POLIDO;NUOVOLAM GREEN MAJESTIC LUCIDATO;NUOVOLAM GREEN MAJESTIC LUCIDATO;POLIDO
ARTIFICIAL - NUOVOLAM ARENARIA STONE IVORY STRUCTURED;ESCOVADO;NUOVOLAM ARENARIA STONE IVORY STRUCTURED;NUOVOLAM ARENARIA STONE IVORY STRUCTURED;ESCOVADO
ARTIFICIAL - NUOVOLAM TRAVERTINO NAVONA NATURALE;ACETINADO;NUOVOLAM TRAVERTINO NAVONA NATURALE;NUOVOLAM TRAVERTINO NAVONA NATURALE;ACETINADO
ARTIFICIAL - NUOVOLAM TINTA UNITA BIANCO NATURALE;ACETINADO;NUOVOLAM TINTA UNITA BIANCO NATURALE;NUOVOLAM TINTA UNITA BIANCO NATURALE;ACETINADO
ARTIFICIAL - NUOVOLAM PIETRA GRIGIA NATURALE;ACETINADO;NUOVOLAM PIETRA GRIGIA NATURALE;NUOVOLAM PIETRA GRIGIA NATURALE;ACETINADO
ARTIFICIAL - NUOVOLAM TAJ MAHAL LUCIDATO;POLIDO;NUOVOLAM TAJ MAHAL LUCIDATO;NUOVOLAM TAJ MAHAL LUCIDATO;POLIDO
ARTIFICIAL - NUOVOLAM TRAVERTINO TEVERE NATURALE;ACETINADO;NUOVOLAM TRAVERTINO TEVERE NATURALE;NUOVOLAM TRAVERTINO TEVERE NATURALE;ACETINADO
ARTIFICIAL - NUOVOLAM MONTE BIANCO LUCIDATO;POLIDO;NUOVOLAM MONTE BIANCO LUCIDATO;NUOVOLAM MONTE BIANCO LUCIDATO;POLIDO
ARTIFICIAL - NUOVOLAM ALABASTRO LUCIDATO;POLIDO;NUOVOLAM ALABASTRO LUCIDATO;NUOVOLAM ALABASTRO LUCIDATO;POLIDO
ARTIFICIAL - NEO NANO PLUS;POLIDO;NEO NANO PLUS;NEO NANO PLUS;POLIDO
ARTIFICIAL - NEO NANO PLUS;POLIDO;NEO NANO PLUS;NEO NANO PLUS;POLIDO
CHAPA - MARMORE BRANCO 03CM;POLIDO;MARMORE BRANCO 03CM;MARMORE BRANCO 03CM;POLIDO
BLOCO - TRAVERTINO ROMANO CHIARO;BRUTO;TRAVERTINO ROMANO CHIARO;TRAVERTINO ROMANO CHIARO;BRUTO
ARTIFICIAL - NUOVOLAM CALACATTA ORO LUCIDATO;POLIDO;NUOVOLAM CALACATTA ORO LUCIDATO;NUOVOLAM CALACATTA ORO LUCIDATO;POLIDO
CHAPA - MARMORE NERO MARQUINA;POLIDO;MARMORE NERO MARQUINA;MARMORE NERO MARQUINA;POLIDO
CHAPA - TRAVERTINO ROMANO CHIARO;BRUTO;TRAVERTINO ROMANO CHIARO;TRAVERTINO ROMANO CHIARO;BRUTO
CHAPA - TRAVERTINO NAVONA CLASSICO;BRUTO;TRAVERTINO NAVONA CLASSICO;TRAVERTINO NAVONA CLASSICO;BRUTO
CHAPA - TRAVERTINO ROMANO CHIARO;BRUTO;TRAVERTINO ROMANO CHIARO;TRAVERTINO ROMANO CHIARO;BRUTO
CHAPA - TRAVERTINO ROMANO CHIARO;BRUTO;TRAVERTINO ROMANO CHIARO;TRAVERTINO ROMANO CHIARO;BRUTO
CHAPA - TRAVERTINO ROMANO EXTRA;BRUTO;TRAVERTINO ROMANO EXTRA;TRAVERTINO ROMANO EXTRA;BRUTO
RECORTADO - LADRILHO TRAVERTINO VEIN CUT 120X120X2;BRUTO;LADRILHO TRAVERTINO VEIN CUT 120X120X2;LADRILHO TRAVERTINO VEIN CUT 120X120X2;BRUTO
ARTIFICIAL - NEO PRIME WHITE 18MM;POLIDO;NEO PRIME WHITE 18MM;NEO PRIME WHITE 18MM;POLIDO
ARTIFICIAL - NEO QUARTZ STELLAR GREY;POLIDO;NEO QUARTZ STELLAR GREY;NEO QUARTZ STELLAR GREY;POLIDO
ARTIFICIAL - NEO QUARTZ PURE BLACK;POLIDO;NEO QUARTZ PURE BLACK;NEO QUARTZ PURE BLACK;POLIDO
ARTIFICIAL - NEO QUARTZ PURE GREY;POLIDO;NEO QUARTZ PURE GREY;NEO QUARTZ PURE GREY;POLIDO
ARTIFICIAL - NEO QUARTZ PURE GREY;POLIDO;NEO QUARTZ PURE GREY;NEO QUARTZ PURE GREY;POLIDO
ARTIFICIAL - NEO QUARTZ SKY GREY;POLIDO;NEO QUARTZ SKY GREY;NEO QUARTZ SKY GREY;POLIDO
ARTIFICIAL - NEO ULTRA ABSOLUTE LIGHT GREY MATTE;ACETINADO;NEO ULTRA ABSOLUTE LIGHT GREY MATTE;NEO ULTRA ABSOLUTE LIGHT GREY MATTE;ACETINADO
ARTIFICIAL - NEO ULTRA ABSOLUTE DARK GREY MATTE;ACETINADO;NEO ULTRA ABSOLUTE DARK GREY MATTE;NEO ULTRA ABSOLUTE DARK GREY MATTE;ACETINADO
ARTIFICIAL - NEO ULTRA CALACATTA GOLD POLISHED;POLIDO;NEO ULTRA CALACATTA GOLD POLISHED;NEO ULTRA CALACATTA GOLD POLISHED;POLIDO
ARTIFICIAL - NEO ULTRA ABSOLUTE BROWN MATTE;ACETINADO;NEO ULTRA ABSOLUTE BROWN MATTE;NEO ULTRA ABSOLUTE BROWN MATTE;ACETINADO
ARTIFICIAL - NUOVOLAM CALACATTA PURA LUCIDATO;POLIDO;NUOVOLAM CALACATTA PURA LUCIDATO;NUOVOLAM CALACATTA PURA LUCIDATO;POLIDO
ARTIFICIAL - NUOVOLAM TINTA UNITA BIANCO LUCIDATO;POLIDO;NUOVOLAM TINTA UNITA BIANCO LUCIDATO;NUOVOLAM TINTA UNITA BIANCO LUCIDATO;POLIDO
ARTIFICIAL - NUOVOLAM APEIRON NATURALE;ACETINADO;NUOVOLAM APEIRON NATURALE;NUOVOLAM APEIRON NATURALE;ACETINADO
ARTIFICIAL - NUOVOLAM BOULEVARD GREY NATURALE;ACETINADO;NUOVOLAM BOULEVARD GREY NATURALE;NUOVOLAM BOULEVARD GREY NATURALE;ACETINADO
ARTIFICIAL - NUOVOLAM CALACATTA ORO LUCIDATO;POLIDO;NUOVOLAM CALACATTA ORO LUCIDATO;NUOVOLAM CALACATTA ORO LUCIDATO;POLIDO
ARTIFICIAL - NUOVOLAM TAJ MAHAL LUCIDATO;POLIDO;NUOVOLAM TAJ MAHAL LUCIDATO;NUOVOLAM TAJ MAHAL LUCIDATO;POLIDO
ARTIFICIAL - NUOVOLAM STATUARIO NATURALE;ACETINADO;NUOVOLAM STATUARIO NATURALE;NUOVOLAM STATUARIO NATURALE;ACETINADO
ARTIFICIAL - NUOVOLAM MERAKI LUCIDATO;POLIDO;NUOVOLAM MERAKI LUCIDATO;NUOVOLAM MERAKI LUCIDATO;POLIDO
ARTIFICIAL - NUOVOLAM STATUARIO LUCIDATO;POLIDO;NUOVOLAM STATUARIO LUCIDATO;NUOVOLAM STATUARIO LUCIDATO;POLIDO
ARTIFICIAL - NUOVOLAM MERAKI NATURALE;ACETINADO;NUOVOLAM MERAKI NATURALE;NUOVOLAM MERAKI NATURALE;ACETINADO
ARTIFICIAL - NUOVOLAM SAHARA NOIR NATURALE;ACETINADO;NUOVOLAM SAHARA NOIR NATURALE;NUOVOLAM SAHARA NOIR NATURALE;ACETINADO
ARTIFICIAL - NUOVOLAM CALACATTA PURA NATURALE;ACETINADO;NUOVOLAM CALACATTA PURA NATURALE;NUOVOLAM CALACATTA PURA NATURALE;ACETINADO
ARTIFICIAL - NUOVOLAM SOUND LUCIDATO;POLIDO;NUOVOLAM SOUND LUCIDATO;NUOVOLAM SOUND LUCIDATO;POLIDO
ARTIFICIAL - NEO QUARTZ PURE LIGHT GREY;POLIDO;NEO QUARTZ PURE LIGHT GREY;NEO QUARTZ PURE LIGHT GREY;POLIDO
ARTIFICIAL - NEO QUARTZ PURE BLACK;POLIDO;NEO QUARTZ PURE BLACK;NEO QUARTZ PURE BLACK;POLIDO
ARTIFICIAL - NEO PRIME WHITE 18MM;POLIDO;NEO PRIME WHITE 18MM;NEO PRIME WHITE 18MM;POLIDO
ARTIFICIAL - NEO PRIME STATUARIO;POLIDO;NEO PRIME STATUARIO;NEO PRIME STATUARIO;POLIDO
ARTIFICIAL - NEO PRIME WHITE 16MM;POLIDO;NEO PRIME WHITE 16MM;NEO PRIME WHITE 16MM;POLIDO
ARTIFICIAL - NEO NANO PLUS;POLIDO;NEO NANO PLUS;NEO NANO PLUS;POLIDO
CHAPA - MARMORE NERO MARQUINA;POLIDO;MARMORE NERO MARQUINA;MARMORE NERO MARQUINA;POLIDO
CHAPA - GRANITO PRETO SAO GABRIEL EXTRA;POLIDO;GRANITO PRETO SAO GABRIEL EXTRA;GRANITO PRETO SAO GABRIEL EXTRA;POLIDO
ARTIFICIAL - NEO PRIME WHITE 16MM;POLIDO;NEO PRIME WHITE 16MM;NEO PRIME WHITE 16MM;POLIDO
ARTIFICIAL - NEO ULTRA ABSOLUTE WHITE POLISHED;POLIDO;NEO ULTRA ABSOLUTE WHITE POLISHED;NEO ULTRA ABSOLUTE WHITE POLISHED;POLIDO
ARTIFICIAL - NEO ULTRA CRISTALLO WHITE POLISHED;POLIDO;NEO ULTRA CRISTALLO WHITE POLISHED;NEO ULTRA CRISTALLO WHITE POLISHED;POLIDO
ARTIFICIAL - NEO ULTRA STATUARIO VENATO SOFT;SOFT TOUCH;NEO ULTRA STATUARIO VENATO SOFT;NEO ULTRA STATUARIO VENATO SOFT;SOFT TOUCH
ARTIFICIAL - NEO ULTRA IMPERIAL DARK GREEN POLISHED;POLIDO;NEO ULTRA IMPERIAL DARK GREEN POLISHED;NEO ULTRA IMPERIAL DARK GREEN POLISHED;POLIDO
ARTIFICIAL - NEO QUARTZ SKY GREY;POLIDO;NEO QUARTZ SKY GREY;NEO QUARTZ SKY GREY;POLIDO
ARTIFICIAL - NEO QUARTZ PURE GREY;POLIDO;NEO QUARTZ PURE GREY;NEO QUARTZ PURE GREY;POLIDO
ARTIFICIAL - NEO ULTRA CONCRETE GREY MATTE;ACETINADO;NEO ULTRA CONCRETE GREY MATTE;NEO ULTRA CONCRETE GREY MATTE;ACETINADO
ARTIFICIAL - NEO ULTRA STATUARIO WHITE POLISHED;POLIDO;NEO ULTRA STATUARIO WHITE POLISHED;NEO ULTRA STATUARIO WHITE POLISHED;POLIDO
ARTIFICIAL - NEO ULTRA STATUARIO WHITE SOFT;SOFT TOUCH;NEO ULTRA STATUARIO WHITE SOFT;NEO ULTRA STATUARIO WHITE SOFT;SOFT TOUCH
ARTIFICIAL - 1600X1600 NUOVOLAM TRAVERTINO TEVERE NAT 8,5MM;ACETINADO;1600X1600 NUOVOLAM TRAVERTINO TEVERE NAT 8,5MM;1600X1600 NUOVOLAM TRAVERTINO TEVERE NAT 8,5MM;ACETINADO
ARTIFICIAL - 1600X1600 NUOVOLAM TRAVERTINO TEVERE NAT 8,5MM;ACETINADO;1600X1600 NUOVOLAM TRAVERTINO TEVERE NAT 8,5MM;1600X1600 NUOVOLAM TRAVERTINO TEVERE NAT 8,5MM;ACETINADO
ARTIFICIAL - 1600X1600 NUOVOLAM TRAVERTINO NAVONA NAT 8,5MM;ACETINADO;1600X1600 NUOVOLAM TRAVERTINO NAVONA NAT 8,5MM;1600X1600 NUOVOLAM TRAVERTINO NAVONA NAT 8,5MM;ACETINADO
ARTIFICIAL - 1600X1600 NUOVOLAM TRAVERTINO NAVONA NAT 8,5MM;ACETINADO;1600X1600 NUOVOLAM TRAVERTINO NAVONA NAT 8,5MM;1600X1600 NUOVOLAM TRAVERTINO NAVONA NAT 8,5MM;ACETINADO
ARTIFICIAL - 1600X1600 NUOVOLAM TRAVERTINO NAVONA NAT 8,5MM;ACETINADO;1600X1600 NUOVOLAM TRAVERTINO NAVONA NAT 8,5MM;1600X1600 NUOVOLAM TRAVERTINO NAVONA NAT 8,5MM;ACETINADO
ARTIFICIAL - 1600X1600 NUOVOLAM PIETRA GRIGIO CHIARO NAT 8,5MM;ACETINADO;1600X1600 NUOVOLAM PIETRA GRIGIO CHIARO NAT 8,5MM;1600X1600 NUOVOLAM PIETRA GRIGIO CHIARO NAT 8,5MM;ACETINADO
ARTIFICIAL - 1600X1600 NUOVOLAM TAJ MAHAL NAT 8,5MM;ACETINADO;1600X1600 NUOVOLAM TAJ MAHAL NAT 8,5MM;1600X1600 NUOVOLAM TAJ MAHAL NAT 8,5MM;ACETINADO
ARTIFICIAL - 1600X1600 NUOVOLAM LECESSE BEIGE STRUCTURED 8,5MM;ESCOVADO;1600X1600 NUOVOLAM LECESSE BEIGE STRUCTURED 8,5MM;1600X1600 NUOVOLAM LECESSE BEIGE STRUCTURED 8,5MM;ESCOVADO
ARTIFICIAL - 1600X1600 NUOVOLAM TINTA UNITA BIANCO LUC 8,5MM;POLIDO;1600X1600 NUOVOLAM TINTA UNITA BIANCO LUC 8,5MM;1600X1600 NUOVOLAM TINTA UNITA BIANCO LUC 8,5MM;POLIDO
ARTIFICIAL - 1600X1600 NUOVOLAM BIANCO NAMIBIA NAT 8,5MM;ACETINADO;1600X1600 NUOVOLAM BIANCO NAMIBIA NAT 8,5MM;1600X1600 NUOVOLAM BIANCO NAMIBIA NAT 8,5MM;ACETINADO
ARTIFICIAL - 1600X1600 NUOVOLAM MONT BLANC NAT 8,5MM;ACETINADO;1600X1600 NUOVOLAM MONT BLANC NAT 8,5MM;1600X1600 NUOVOLAM MONT BLANC NAT 8,5MM;ACETINADO
ARTIFICIAL - 1600X1600 NUOVOLAM LINCOLN DORATO NAT 8,5MM;ACETINADO;1600X1600 NUOVOLAM LINCOLN DORATO NAT 8,5MM;1600X1600 NUOVOLAM LINCOLN DORATO NAT 8,5MM;ACETINADO
ARTIFICIAL - 1600X1600 NUOVOLAM CALACATTA ORO NAT 8,5MM;ACETINADO;1600X1600 NUOVOLAM CALACATTA ORO NAT 8,5MM;1600X1600 NUOVOLAM CALACATTA ORO NAT 8,5MM;ACETINADO
ARTIFICIAL - 1600X1600 NUOVOLAM TINTA UNITA BIANCO NAT 8,5MM;ACETINADO;1600X1600 NUOVOLAM TINTA UNITA BIANCO NAT 8,5MM;1600X1600 NUOVOLAM TINTA UNITA BIANCO NAT 8,5MM;ACETINADO
ARTIFICIAL - 1600X1600 NUOVOLAM BOULEVARD WHITE NAT 8,5MM;ACETINADO;1600X1600 NUOVOLAM BOULEVARD WHITE NAT 8,5MM;1600X1600 NUOVOLAM BOULEVARD WHITE NAT 8,5MM;ACETINADO
ARTIFICIAL - 1600X1600 NUOVOLAM CEMENT WHITE NAT 8,5MM;ACETINADO;1600X1600 NUOVOLAM CEMENT WHITE NAT 8,5MM;1600X1600 NUOVOLAM CEMENT WHITE NAT 8,5MM;ACETINADO
CHAPA - TRAVERTINO NAVONA CLASSICO;BRUTO;TRAVERTINO NAVONA CLASSICO;TRAVERTINO NAVONA CLASSICO;BRUTO
CHAPA - TRAVERTINO ROMANO CHIARO;BRUTO;TRAVERTINO ROMANO CHIARO;TRAVERTINO ROMANO CHIARO;BRUTO
CHAPA - TRAVERTINO ROMANO EXTRA;BRUTO;TRAVERTINO ROMANO EXTRA;TRAVERTINO ROMANO EXTRA;BRUTO
CHAPA - TRAVERTINO ROMANO CHIARO;BRUTO;TRAVERTINO ROMANO CHIARO;TRAVERTINO ROMANO CHIARO;BRUTO
CHAPA - LIMESTONE CREMA MOCA;LEVIGADO;LIMESTONE CREMA MOCA;LIMESTONE CREMA MOCA;LEVIGADO
CHAPA - LIMESTONE CREMA MOCA;LEVIGADO;LIMESTONE CREMA MOCA;LIMESTONE CREMA MOCA;LEVIGADO
CHAPA - LIMESTONE CREMA MOCA;LEVIGADO;LIMESTONE CREMA MOCA;LIMESTONE CREMA MOCA;LEVIGADO
ARTIFICIAL - NEO QUARTZ PURE LIGHT GREY MATTE;ACETINADO;NEO QUARTZ PURE LIGHT GREY MATTE;NEO QUARTZ PURE LIGHT GREY MATTE;ACETINADO
ARTIFICIAL - NEO QUARTZ PURE WHITE MATTE;ACETINADO;NEO QUARTZ PURE WHITE MATTE;NEO QUARTZ PURE WHITE MATTE;ACETINADO
ARTIFICIAL - NEO QUARTZ PURE WHITE SUPER JUMBO - 3520X2020X18MM;POLIDO;NEO QUARTZ PURE WHITE SUPER JUMBO - 3520X2020X18MM;NEO QUARTZ PURE WHITE SUPER JUMBO - 3520X2020X18MM;POLIDO
ARTIFICIAL - NEO PRIME WHITE 18MM;POLIDO;NEO PRIME WHITE 18MM;NEO PRIME WHITE 18MM;POLIDO
CHAPA - TRAVERTINO ROMANO CHIARO;BRUTO;TRAVERTINO ROMANO CHIARO;TRAVERTINO ROMANO CHIARO;BRUTO
CHAPA - QUARTZITO BIANCO SUPERIORE;POLIDO;QUARTZITO BIANCO SUPERIORE;QUARTZITO BIANCO SUPERIORE;POLIDO
CHAPA - MARMORE DOLOMITICO MATARAZZO;POLIDO;MARMORE DOLOMITICO MATARAZZO;MARMORE DOLOMITICO MATARAZZO;POLIDO
CHAPA - QUARTZITO BLUE DEEP;POLIDO;QUARTZITO BLUE DEEP;QUARTZITO BLUE DEEP;POLIDO
CHAPA - QUARTZITO CRISTALLO;POLIDO;QUARTZITO CRISTALLO;QUARTZITO CRISTALLO;POLIDO
CHAPA - QUARTZITO PORTO BIANCO;POLIDO;QUARTZITO PORTO BIANCO;QUARTZITO PORTO BIANCO;POLIDO
ARTIFICIAL - NEO QUARTZ PURE WHITE;POLIDO;NEO QUARTZ PURE WHITE;NEO QUARTZ PURE WHITE;POLIDO
ARTIFICIAL - AMOSTRA NUOVOLAM CARRARA LUCIDATO;POLIDO;AMOSTRA NUOVOLAM CARRARA LUCIDATO;AMOSTRA NUOVOLAM CARRARA LUCIDATO;POLIDO
ARTIFICIAL - AMOSTRA NUOVOLAM TAJ MAHAL LUCIDATO;POLIDO;AMOSTRA NUOVOLAM TAJ MAHAL LUCIDATO;AMOSTRA NUOVOLAM TAJ MAHAL LUCIDATO;POLIDO
ARTIFICIAL - AMOSTRA NUOVOLAM CALACATTA ORO LUCIDATO;POLIDO;AMOSTRA NUOVOLAM CALACATTA ORO LUCIDATO;AMOSTRA NUOVOLAM CALACATTA ORO LUCIDATO;POLIDO
ARTIFICIAL - AMOSTRA NUOVOLAM MERAKI NATURALE;ACETINADO;AMOSTRA NUOVOLAM MERAKI NATURALE;AMOSTRA NUOVOLAM MERAKI NATURALE;ACETINADO
ARTIFICIAL - AMOSTRA NUOVOLAM CALACATTA ORO NATURALE;ACETINADO;AMOSTRA NUOVOLAM CALACATTA ORO NATURALE;AMOSTRA NUOVOLAM CALACATTA ORO NATURALE;ACETINADO
ARTIFICIAL - AMOSTRA NUOVOLAM CALACATTA PURA NATURALE;ACETINADO;AMOSTRA NUOVOLAM CALACATTA PURA NATURALE;AMOSTRA NUOVOLAM CALACATTA PURA NATURALE;ACETINADO
ARTIFICIAL - AMOSTRA NUOVOLAM TINTA UNITA BIANCO LUCIDATO;POLIDO;AMOSTRA NUOVOLAM TINTA UNITA BIANCO LUCIDATO;AMOSTRA NUOVOLAM TINTA UNITA BIANCO LUCIDATO;POLIDO
ARTIFICIAL - AMOSTRA NUOVOLAM BALLET NATURALE;ACETINADO;AMOSTRA NUOVOLAM BALLET NATURALE;AMOSTRA NUOVOLAM BALLET NATURALE;ACETINADO
ARTIFICIAL - AMOSTRA NUOVOLAM PORTORO NATURALE;ACETINADO;AMOSTRA NUOVOLAM PORTORO NATURALE;AMOSTRA NUOVOLAM PORTORO NATURALE;ACETINADO
ARTIFICIAL - AMOSTRA NUOVOLAM FIOR DI BOSCO NATURALE;ACETINADO;AMOSTRA NUOVOLAM FIOR DI BOSCO NATURALE;AMOSTRA NUOVOLAM FIOR DI BOSCO NATURALE;ACETINADO
ARTIFICIAL - AMOSTRA NUOVOLAM BOULEVARD GREY NATURALE;ACETINADO;AMOSTRA NUOVOLAM BOULEVARD GREY NATURALE;AMOSTRA NUOVOLAM BOULEVARD GREY NATURALE;ACETINADO
ARTIFICIAL - AMOSTRA NUOVOLAM TINTA UNITA NERO NATURALE;ACETINADO;AMOSTRA NUOVOLAM TINTA UNITA NERO NATURALE;AMOSTRA NUOVOLAM TINTA UNITA NERO NATURALE;ACETINADO
ARTIFICIAL - AMOSTRA NUOVOLAM BALLET LUCIDATO;POLIDO;AMOSTRA NUOVOLAM BALLET LUCIDATO;AMOSTRA NUOVOLAM BALLET LUCIDATO;POLIDO
ARTIFICIAL - AMOSTRA NUOVOLAM STATUARIO LUCIDATO;POLIDO;AMOSTRA NUOVOLAM STATUARIO LUCIDATO;AMOSTRA NUOVOLAM STATUARIO LUCIDATO;POLIDO
ARTIFICIAL - AMOSTRA NUOVOLAM MONTE BIANCO LUCIDATO;POLIDO;AMOSTRA NUOVOLAM MONTE BIANCO LUCIDATO;AMOSTRA NUOVOLAM MONTE BIANCO LUCIDATO;POLIDO
ARTIFICIAL - AMOSTRA NUOVOLAM PIETRA GRIGIA LUCIDATO;POLIDO;AMOSTRA NUOVOLAM PIETRA GRIGIA LUCIDATO;AMOSTRA NUOVOLAM PIETRA GRIGIA LUCIDATO;POLIDO
ARTIFICIAL - AMOSTRA NUOVOLAM NERO MARQUINA LUCIDATO;POLIDO;AMOSTRA NUOVOLAM NERO MARQUINA LUCIDATO;AMOSTRA NUOVOLAM NERO MARQUINA LUCIDATO;POLIDO
ARTIFICIAL - AMOSTRA NUOVOLAM GREEN MAJESTIC LUCIDATO;POLIDO;AMOSTRA NUOVOLAM GREEN MAJESTIC LUCIDATO;AMOSTRA NUOVOLAM GREEN MAJESTIC LUCIDATO;POLIDO
ARTIFICIAL - AMOSTRA NUOVOLAM CALACATTA PURA LUCIDATO;POLIDO;AMOSTRA NUOVOLAM CALACATTA PURA LUCIDATO;AMOSTRA NUOVOLAM CALACATTA PURA LUCIDATO;POLIDO
ARTIFICIAL - AMOSTRA NUOVOLAM LINCOLN DORATO LUCIDATO;POLIDO;AMOSTRA NUOVOLAM LINCOLN DORATO LUCIDATO;AMOSTRA NUOVOLAM LINCOLN DORATO LUCIDATO;POLIDO
ARTIFICIAL - AMOSTRA NUOVOLAM CALACATTA CREAM LIGHT LUCIDATO;POLIDO;AMOSTRA NUOVOLAM CALACATTA CREAM LIGHT LUCIDATO;AMOSTRA NUOVOLAM CALACATTA CREAM LIGHT LUCIDATO;POLIDO
ARTIFICIAL - AMOSTRA NUOVOLAM ARENARIA STONE IVORY STRUCTURED;ESCOVADO;AMOSTRA NUOVOLAM ARENARIA STONE IVORY STRUCTURED;AMOSTRA NUOVOLAM ARENARIA STONE IVORY STRUCTURED;ESCOVADO
ARTIFICIAL - AMOSTRA NUOVOLAM APEIRON NATURALE;ACETINADO;AMOSTRA NUOVOLAM APEIRON NATURALE;AMOSTRA NUOVOLAM APEIRON NATURALE;ACETINADO
ARTIFICIAL - AMOSTRA NUOVOLAM STATUARIO NATURALE;ACETINADO;AMOSTRA NUOVOLAM STATUARIO NATURALE;AMOSTRA NUOVOLAM STATUARIO NATURALE;ACETINADO
ARTIFICIAL - AMOSTRA NUOVOLAM TAJ MAHAL NATURALE;ACETINADO;AMOSTRA NUOVOLAM TAJ MAHAL NATURALE;AMOSTRA NUOVOLAM TAJ MAHAL NATURALE;ACETINADO
ARTIFICIAL - AMOSTRA NUOVOLAM BLACK IRON NATURALE;ACETINADO;AMOSTRA NUOVOLAM BLACK IRON NATURALE;AMOSTRA NUOVOLAM BLACK IRON NATURALE;ACETINADO
ARTIFICIAL - AMOSTRA NUOVOLAM SAHARA NOIR NATURALE;ACETINADO;AMOSTRA NUOVOLAM SAHARA NOIR NATURALE;AMOSTRA NUOVOLAM SAHARA NOIR NATURALE;ACETINADO
ARTIFICIAL - AMOSTRA NUOVOLAM PIETRA GRIGIA NATURALE;ACETINADO;AMOSTRA NUOVOLAM PIETRA GRIGIA NATURALE;AMOSTRA NUOVOLAM PIETRA GRIGIA NATURALE;ACETINADO
ARTIFICIAL - AMOSTRA NUOVOLAM LINCOLN DORATO NATURALE;ACETINADO;AMOSTRA NUOVOLAM LINCOLN DORATO NATURALE;AMOSTRA NUOVOLAM LINCOLN DORATO NATURALE;ACETINADO
ARTIFICIAL - AMOSTRA NUOVOLAM BOULEVARD WHITE NATURALE;ACETINADO;AMOSTRA NUOVOLAM BOULEVARD WHITE NATURALE;AMOSTRA NUOVOLAM BOULEVARD WHITE NATURALE;ACETINADO
ARTIFICIAL - AMOSTRA NUOVOLAM TRAVERTINO WHITE NATURALE;ACETINADO;AMOSTRA NUOVOLAM TRAVERTINO WHITE NATURALE;AMOSTRA NUOVOLAM TRAVERTINO WHITE NATURALE;ACETINADO
ARTIFICIAL - AMOSTRA NUOVOLAM HERMON GREY VEIN NATURALE;ACETINADO;AMOSTRA NUOVOLAM HERMON GREY VEIN NATURALE;AMOSTRA NUOVOLAM HERMON GREY VEIN NATURALE;ACETINADO
ARTIFICIAL - AMOSTRA NUOVOLAM TRAVERTINO TEVERE NATURALE;ACETINADO;AMOSTRA NUOVOLAM TRAVERTINO TEVERE NATURALE;AMOSTRA NUOVOLAM TRAVERTINO TEVERE NATURALE;ACETINADO
ARTIFICIAL - AMOSTRA NUOVOLAM TINTA UNITA BIANCO NATURALE;ACETINADO;AMOSTRA NUOVOLAM TINTA UNITA BIANCO NATURALE;AMOSTRA NUOVOLAM TINTA UNITA BIANCO NATURALE;ACETINADO
ARTIFICIAL - AMOSTRA NUOVOLAM MERAKI LUCIDATO;POLIDO;AMOSTRA NUOVOLAM MERAKI LUCIDATO;AMOSTRA NUOVOLAM MERAKI LUCIDATO;POLIDO
ARTIFICIAL - AMOSTRA NUOVOLAM PORTORO LUCIDATO;POLIDO;AMOSTRA NUOVOLAM PORTORO LUCIDATO;AMOSTRA NUOVOLAM PORTORO LUCIDATO;POLIDO
ARTIFICIAL - AMOSTRA NUOVOLAM NERO MARQUINA NATURALE;ACETINADO;AMOSTRA NUOVOLAM NERO MARQUINA NATURALE;AMOSTRA NUOVOLAM NERO MARQUINA NATURALE;ACETINADO
ARTIFICIAL - NUOVOLAM BALLET LUCIDATO;POLIDO;NUOVOLAM BALLET LUCIDATO;NUOVOLAM BALLET LUCIDATO;POLIDO
ARTIFICIAL - NUOVOLAM ARENARIA STONE IVORY STRUCTURED;ESCOVADO;NUOVOLAM ARENARIA STONE IVORY STRUCTURED;NUOVOLAM ARENARIA STONE IVORY STRUCTURED;ESCOVADO
ARTIFICIAL - NUOVOLAM TAJ MAHAL NATURALE;ACETINADO;NUOVOLAM TAJ MAHAL NATURALE;NUOVOLAM TAJ MAHAL NATURALE;ACETINADO
ARTIFICIAL - NUOVOLAM TAJ MAHAL LUCIDATO;POLIDO;NUOVOLAM TAJ MAHAL LUCIDATO;NUOVOLAM TAJ MAHAL LUCIDATO;POLIDO
ARTIFICIAL - NUOVOLAM TINTA UNITA BIANCO NATURALE;ACETINADO;NUOVOLAM TINTA UNITA BIANCO NATURALE;NUOVOLAM TINTA UNITA BIANCO NATURALE;ACETINADO
ARTIFICIAL - NUOVOLAM TRAVERTINO WHITE NATURALE;ACETINADO;NUOVOLAM TRAVERTINO WHITE NATURALE;NUOVOLAM TRAVERTINO WHITE NATURALE;ACETINADO
ARTIFICIAL - NUOVOLAM TRAVERTINO TEVERE NATURALE;ACETINADO;NUOVOLAM TRAVERTINO TEVERE NATURALE;NUOVOLAM TRAVERTINO TEVERE NATURALE;ACETINADO
ARTIFICIAL - NUOVOLAM MONTE BIANCO LUCIDATO;POLIDO;NUOVOLAM MONTE BIANCO LUCIDATO;NUOVOLAM MONTE BIANCO LUCIDATO;POLIDO
ARTIFICIAL - NEO QUARTZ PURE WHITE JUMBO - 3220X1820X18MM;POLIDO;NEO QUARTZ PURE WHITE JUMBO - 3220X1820X18MM;NEO QUARTZ PURE WHITE JUMBO - 3220X1820X18MM;POLIDO
ARTIFICIAL - NEO QUARTZ WHITE NORTH;POLIDO;NEO QUARTZ WHITE NORTH;NEO QUARTZ WHITE NORTH;POLIDO
ARTIFICIAL - NEO QUARTZ STELLAR GREY;POLIDO;NEO QUARTZ STELLAR GREY;NEO QUARTZ STELLAR GREY;POLIDO
ARTIFICIAL - NEO QUARTZ PURE BLACK;POLIDO;NEO QUARTZ PURE BLACK;NEO QUARTZ PURE BLACK;POLIDO
CHAPA - MARMORE VERDE GUATEMALA;POLIDO;MARMORE VERDE GUATEMALA;MARMORE VERDE GUATEMALA;POLIDO
CHAPA - MARMORE VERDE GUATEMALA;POLIDO;MARMORE VERDE GUATEMALA;MARMORE VERDE GUATEMALA;POLIDO
CHAPA - TRAVERTINO ROMANO EXTRA;BRUTO;TRAVERTINO ROMANO EXTRA;TRAVERTINO ROMANO EXTRA;BRUTO
CHAPA - TRAVERTINO ROMANO EXTRA;BRUTO;TRAVERTINO ROMANO EXTRA;TRAVERTINO ROMANO EXTRA;BRUTO
CHAPA - MARMORE DOLOMITICO ARABESCATO LUNAR;POLIDO;MARMORE DOLOMITICO ARABESCATO LUNAR;MARMORE DOLOMITICO ARABESCATO LUNAR;POLIDO
CHAPA - QUARTZITO VERDE TAIGA CRYSTAL;POLIDO;QUARTZITO VERDE TAIGA CRYSTAL;QUARTZITO VERDE TAIGA CRYSTAL;POLIDO
CHAPA - QUARTZITO VERDE TAIGA;POLIDO;QUARTZITO VERDE TAIGA;QUARTZITO VERDE TAIGA;POLIDO
CHAPA - MARMORE DOLOMITICO CALACATTA MACCHIA ORO;POLIDO;MARMORE DOLOMITICO CALACATTA MACCHIA ORO;MARMORE DOLOMITICO CALACATTA MACCHIA ORO;POLIDO
ARTIFICIAL - NEO ULTRA IMPERIAL GREEN POLISHED;POLIDO;NEO ULTRA IMPERIAL GREEN POLISHED;NEO ULTRA IMPERIAL GREEN POLISHED;POLIDO
ARTIFICIAL - NEO ULTRA CORTEN MATTE;ACETINADO;NEO ULTRA CORTEN MATTE;NEO ULTRA CORTEN MATTE;ACETINADO
ARTIFICIAL - NEO ULTRA KHAKI MATTE;ACETINADO;NEO ULTRA KHAKI MATTE;NEO ULTRA KHAKI MATTE;ACETINADO
ARTIFICIAL - NEO ULTRA STATUARIO VENATO SOFT;SOFT TOUCH;NEO ULTRA STATUARIO VENATO SOFT;NEO ULTRA STATUARIO VENATO SOFT;SOFT TOUCH
ARTIFICIAL - NEO ULTRA STATUARIO VENATO POLISHED;POLIDO;NEO ULTRA STATUARIO VENATO POLISHED;NEO ULTRA STATUARIO VENATO POLISHED;POLIDO
ARTIFICIAL - NEO ULTRA IVORY CLOUD MATTE;ACETINADO;NEO ULTRA IVORY CLOUD MATTE;NEO ULTRA IVORY CLOUD MATTE;ACETINADO
ARTIFICIAL - NEO PRIME WHITE 16MM;POLIDO;NEO PRIME WHITE 16MM;NEO PRIME WHITE 16MM;POLIDO
ARTIFICIAL - NEO PRIME WHITE 16MM;POLIDO;NEO PRIME WHITE 16MM;NEO PRIME WHITE 16MM;POLIDO
ARTIFICIAL - NEO QUARTZ PURE WHITE;POLIDO;NEO QUARTZ PURE WHITE;NEO QUARTZ PURE WHITE;POLIDO
ARTIFICIAL - NEO QUARTZ SKY WHITE;POLIDO;NEO QUARTZ SKY WHITE;NEO QUARTZ SKY WHITE;POLIDO
ARTIFICIAL - NEO QUARTZ STELLAR WHITE;POLIDO;NEO QUARTZ STELLAR WHITE;NEO QUARTZ STELLAR WHITE;POLIDO
ARTIFICIAL - NEO QUARTZ PURE LIGHT GREY;POLIDO;NEO QUARTZ PURE LIGHT GREY;NEO QUARTZ PURE LIGHT GREY;POLIDO
CHAPA - TRAVERTINO ROMANO EXTRA;BRUTO;TRAVERTINO ROMANO EXTRA;TRAVERTINO ROMANO EXTRA;BRUTO
ARTIFICIAL - NEO QUARTZ PURE WHITE;POLIDO;NEO QUARTZ PURE WHITE;NEO QUARTZ PURE WHITE;POLIDO
ARTIFICIAL - NEO QUARTZ PURE LIGHT GREY;POLIDO;NEO QUARTZ PURE LIGHT GREY;NEO QUARTZ PURE LIGHT GREY;POLIDO
ARTIFICIAL - NEO QUARTZ STELLAR WHITE;POLIDO;NEO QUARTZ STELLAR WHITE;NEO QUARTZ STELLAR WHITE;POLIDO
ARTIFICIAL - NEO QUARTZ STELLAR GREY;POLIDO;NEO QUARTZ STELLAR GREY;NEO QUARTZ STELLAR GREY;POLIDO
ARTIFICIAL - NEO QUARTZ STELLAR BLACK;POLIDO;NEO QUARTZ STELLAR BLACK;NEO QUARTZ STELLAR BLACK;POLIDO
ARTIFICIAL - NUOVOLAM LINCOLN DORATO NATURALE;ACETINADO;NUOVOLAM LINCOLN DORATO NATURALE;NUOVOLAM LINCOLN DORATO NATURALE;ACETINADO
ARTIFICIAL - NUOVOLAM LINCOLN DORATO LUCIDATO;POLIDO;NUOVOLAM LINCOLN DORATO LUCIDATO;NUOVOLAM LINCOLN DORATO LUCIDATO;POLIDO
ARTIFICIAL - NEO ULTRA ABSOLUTE WHITE SOFT;SOFT TOUCH;NEO ULTRA ABSOLUTE WHITE SOFT;NEO ULTRA ABSOLUTE WHITE SOFT;SOFT TOUCH
ARTIFICIAL - NEO ULTRA CALACATTA GOLD POLISHED;POLIDO;NEO ULTRA CALACATTA GOLD POLISHED;NEO ULTRA CALACATTA GOLD POLISHED;POLIDO
ARTIFICIAL - NEO ULTRA LIMESTONE MATTE;ACETINADO;NEO ULTRA LIMESTONE MATTE;NEO ULTRA LIMESTONE MATTE;ACETINADO
ARTIFICIAL - NEO ULTRA STATUARIO WHITE SOFT;SOFT TOUCH;NEO ULTRA STATUARIO WHITE SOFT;NEO ULTRA STATUARIO WHITE SOFT;SOFT TOUCH
ARTIFICIAL - NEO ULTRA STATUARIO WHITE POLISHED;POLIDO;NEO ULTRA STATUARIO WHITE POLISHED;NEO ULTRA STATUARIO WHITE POLISHED;POLIDO
ARTIFICIAL - NEO ULTRA BETON WHITE MATTE;ACETINADO;NEO ULTRA BETON WHITE MATTE;NEO ULTRA BETON WHITE MATTE;ACETINADO
ARTIFICIAL - NEO ULTRA CONCRETE GREY MATTE;ACETINADO;NEO ULTRA CONCRETE GREY MATTE;NEO ULTRA CONCRETE GREY MATTE;ACETINADO
ARTIFICIAL - NEO ULTRA NERO MARQUINA MATTE;ACETINADO;NEO ULTRA NERO MARQUINA MATTE;NEO ULTRA NERO MARQUINA MATTE;ACETINADO
ARTIFICIAL - NEO ULTRA NERO MARQUINA POLISHED;POLIDO;NEO ULTRA NERO MARQUINA POLISHED;NEO ULTRA NERO MARQUINA POLISHED;POLIDO
ARTIFICIAL - NEO ULTRA ROMAN TRAVERTINE MATTE;ACETINADO;NEO ULTRA ROMAN TRAVERTINE MATTE;NEO ULTRA ROMAN TRAVERTINE MATTE;ACETINADO
CHAPA - TRAVERTINO ROMANO EXTRA;BRUTO;TRAVERTINO ROMANO EXTRA;TRAVERTINO ROMANO EXTRA;BRUTO
CHAPA - TRAVERTINO ROMANO EXTRA;BRUTO;TRAVERTINO ROMANO EXTRA;TRAVERTINO ROMANO EXTRA;BRUTO
CHAPA - QUARTZITO DA VINCI;POLIDO;QUARTZITO DA VINCI;QUARTZITO DA VINCI;POLIDO
CHAPA - QUARTZITO MONT BLANC;POLIDO;QUARTZITO MONT BLANC;QUARTZITO MONT BLANC;POLIDO
CHAPA - QUARTZITO MONT BLANC;POLIDO;QUARTZITO MONT BLANC;QUARTZITO MONT BLANC;POLIDO
CHAPA - TRAVERTINO ROMANO EXTRA;BRUTO;TRAVERTINO ROMANO EXTRA;TRAVERTINO ROMANO EXTRA;BRUTO
CHAPA - TRAVERTINO ROMANO EXTRA;BRUTO;TRAVERTINO ROMANO EXTRA;TRAVERTINO ROMANO EXTRA;BRUTO
CHAPA - TRAVERTINO ROMANO CHIARO;BRUTO;TRAVERTINO ROMANO CHIARO;TRAVERTINO ROMANO CHIARO;BRUTO
CHAPA - TRAVERTINO ROMANO CHIARO;BRUTO;TRAVERTINO ROMANO CHIARO;TRAVERTINO ROMANO CHIARO;BRUTO
CHAPA - TRAVERTINO ROMANO CHIARO;BRUTO;TRAVERTINO ROMANO CHIARO;TRAVERTINO ROMANO CHIARO;BRUTO
CHAPA - QUARTZITO ALMARE GREEN;POLIDO;QUARTZITO ALMARE GREEN;QUARTZITO ALMARE GREEN;POLIDO
CHAPA - QUARTZITO MACAUBAS BLUE;POLIDO;QUARTZITO MACAUBAS BLUE;QUARTZITO MACAUBAS BLUE;POLIDO
CHAPA - TRAVERTINO ROMANO EXTRA;BRUTO;TRAVERTINO ROMANO EXTRA;TRAVERTINO ROMANO EXTRA;BRUTO
CHAPA - TRAVERTINO ROMANO CHIARO;BRUTO;TRAVERTINO ROMANO CHIARO;TRAVERTINO ROMANO CHIARO;BRUTO
CHAPA - TRAVERTINO ROMANO CHIARO;BRUTO;TRAVERTINO ROMANO CHIARO;TRAVERTINO ROMANO CHIARO;BRUTO
CHAPA - TRAVERTINO ROMANO CHIARO;BRUTO;TRAVERTINO ROMANO CHIARO;TRAVERTINO ROMANO CHIARO;BRUTO
CHAPA - TRAVERTINO ROMANO CHIARO;BRUTO;TRAVERTINO ROMANO CHIARO;TRAVERTINO ROMANO CHIARO;BRUTO
CHAPA - QUARTZITO PERLA VENATA POLIDO;POLIDO;QUARTZITO PERLA VENATA POLIDO;QUARTZITO PERLA VENATA POLIDO;POLIDO
CHAPA - TRAVERTINO ROMANO CHIARO;BRUTO;TRAVERTINO ROMANO CHIARO;TRAVERTINO ROMANO CHIARO;BRUTO
CHAPA - MARMORE DOLOMÍTICO MILANO BIANCO;POLIDO;MARMORE DOLOMÍTICO MILANO BIANCO;MARMORE DOLOMÍTICO MILANO BIANCO;POLIDO
CHAPA - MARMORE DOLOMITICO MATARAZZO;POLIDO;MARMORE DOLOMITICO MATARAZZO;MARMORE DOLOMITICO MATARAZZO;POLIDO
CHAPA - MARMORE DOLOMÍTICO PERLATO;POLIDO;MARMORE DOLOMÍTICO PERLATO;MARMORE DOLOMÍTICO PERLATO;POLIDO
CHAPA - NEO QUARTZ PURE WHITE;POLIDO;NEO QUARTZ PURE WHITE;NEO QUARTZ PURE WHITE;POLIDO
CHAPA - NEO QUARTZ PURE WHITE;POLIDO;NEO QUARTZ PURE WHITE;NEO QUARTZ PURE WHITE;POLIDO
ARTIFICIAL - NEO QUARTZ PURE WHITE;POLIDO;NEO QUARTZ PURE WHITE;NEO QUARTZ PURE WHITE;POLIDO
ARTIFICIAL - NEO QUARTZ PURE WHITE;POLIDO;NEO QUARTZ PURE WHITE;NEO QUARTZ PURE WHITE;POLIDO
CHAPA - MARMORE DOLOMITICO VALENTINO POLIDO;POLIDO;MARMORE DOLOMITICO VALENTINO POLIDO;MARMORE DOLOMITICO VALENTINO POLIDO;POLIDO
CHAPA - MARMORE DOLOMITICO VALENTINO ACETINADO;ACETINADO;MARMORE DOLOMITICO VALENTINO ACETINADO;MARMORE DOLOMITICO VALENTINO ACETINADO;ACETINADO
CHAPA - TRAVERTINO ROMANO EXTRA;BRUTO;TRAVERTINO ROMANO EXTRA;TRAVERTINO ROMANO EXTRA;BRUTO
CHAPA - TRAVERTINO ROMANO EXTRA;BRUTO;TRAVERTINO ROMANO EXTRA;TRAVERTINO ROMANO EXTRA;BRUTO
ARTIFICIAL - NEO QUARTZ PURE LIGHT BEIGE;POLIDO;NEO QUARTZ PURE LIGHT BEIGE;NEO QUARTZ PURE LIGHT BEIGE;POLIDO
ARTIFICIAL - NEO QUARTZ PURE LIGHT GREY;POLIDO;NEO QUARTZ PURE LIGHT GREY;NEO QUARTZ PURE LIGHT GREY;POLIDO
ARTIFICIAL - NEO QUARTZ PURE LIGHT BROWN (CHANEL);POLIDO;NEO QUARTZ PURE LIGHT BROWN (CHANEL);NEO QUARTZ PURE LIGHT BROWN (CHANEL);POLIDO
ARTIFICIAL - NEO QUARTZ PURE BEIGE;POLIDO;NEO QUARTZ PURE BEIGE;NEO QUARTZ PURE BEIGE;POLIDO
CHAPA - GRANITO BRANCO ITAUNAS;POLIDO;GRANITO BRANCO ITAUNAS;GRANITO BRANCO ITAUNAS;POLIDO
CHAPA - MARMORE DOLOMÍTICO BIANCATTO;POLIDO;MARMORE DOLOMÍTICO BIANCATTO;MARMORE DOLOMÍTICO BIANCATTO;POLIDO
CHAPA - QUARTZITO BLUE DEEP;POLIDO;QUARTZITO BLUE DEEP;QUARTZITO BLUE DEEP;POLIDO
CHAPA - MARMORE DOLOMÍTICO BIANCATTO;POLIDO;MARMORE DOLOMÍTICO BIANCATTO;MARMORE DOLOMÍTICO BIANCATTO;POLIDO
CHAPA - QUARTZITO DA VINCI;POLIDO;QUARTZITO DA VINCI;QUARTZITO DA VINCI;POLIDO
ARTIFICIAL - NEO QUARTZ PURE DARK GREY;POLIDO;NEO QUARTZ PURE DARK GREY;NEO QUARTZ PURE DARK GREY;POLIDO
ARTIFICIAL - NEO QUARTZ PURE GREY;POLIDO;NEO QUARTZ PURE GREY;NEO QUARTZ PURE GREY;POLIDO
ARTIFICIAL - NEO QUARTZ PURE DARK BROWN (TABACO);POLIDO;NEO QUARTZ PURE DARK BROWN (TABACO);NEO QUARTZ PURE DARK BROWN (TABACO);POLIDO
CHAPA - TRAVERTINO ROMANO EXTRA;BRUTO;TRAVERTINO ROMANO EXTRA;TRAVERTINO ROMANO EXTRA;BRUTO
CHAPA - TRAVERTINO ROMANO EXTRA;BRUTO;TRAVERTINO ROMANO EXTRA;TRAVERTINO ROMANO EXTRA;BRUTO
ARTIFICIAL - NEO ULTRA ONIX BEIGE POLISHED;POLIDO;NEO ULTRA ONIX BEIGE POLISHED;NEO ULTRA ONIX BEIGE POLISHED;POLIDO
ARTIFICIAL - NEO ULTRA CREAM MATTE;ACETINADO;NEO ULTRA CREAM MATTE;NEO ULTRA CREAM MATTE;ACETINADO
ARTIFICIAL - NEO ULTRA ABSOLUTE WHITE BRUSHED;ESCOVADO;NEO ULTRA ABSOLUTE WHITE BRUSHED;NEO ULTRA ABSOLUTE WHITE BRUSHED;ESCOVADO
ARTIFICIAL - NEO ULTRA BIANCO VENATO LEATHER;SOFT TOUCH;NEO ULTRA BIANCO VENATO LEATHER;NEO ULTRA BIANCO VENATO LEATHER;SOFT TOUCH
CHAPA - QUARTZITO VITORIA REGIA;ESCOVADO;QUARTZITO VITORIA REGIA;QUARTZITO VITORIA REGIA;ESCOVADO
ARTIFICIAL - NEO ULTRA ABSOLUTE WHITE MATTE;ACETINADO;NEO ULTRA ABSOLUTE WHITE MATTE;NEO ULTRA ABSOLUTE WHITE MATTE;ACETINADO
CHAPA - GRANITO PRETO ABSOLUTO EXTRA;POLIDO;GRANITO PRETO ABSOLUTO EXTRA;GRANITO PRETO ABSOLUTO EXTRA;POLIDO
CHAPA - TRAVERTINO ROMANO CHIARO;BRUTO;TRAVERTINO ROMANO CHIARO;TRAVERTINO ROMANO CHIARO;BRUTO
CHAPA - TRAVERTINO NAVONA CLASSICO;LEVIGADO;TRAVERTINO NAVONA CLASSICO;TRAVERTINO NAVONA CLASSICO;LEVIGADO
CHAPA - TRAVERTINO NAVONA CLASSICO;BRUTO;TRAVERTINO NAVONA CLASSICO;TRAVERTINO NAVONA CLASSICO;BRUTO
CHAPA - TRAVERTINO ROMANO CHIARO;BRUTO;TRAVERTINO ROMANO CHIARO;TRAVERTINO ROMANO CHIARO;BRUTO
CHAPA - TRAVERTINO ROMANO CHIARO;BRUTO;TRAVERTINO ROMANO CHIARO;TRAVERTINO ROMANO CHIARO;BRUTO
CHAPA - TRAVERTINO ROMANO CHIARO;BRUTO;TRAVERTINO ROMANO CHIARO;TRAVERTINO ROMANO CHIARO;BRUTO
CHAPA - TRAVERTINO ROMANO CHIARO;BRUTO;TRAVERTINO ROMANO CHIARO;TRAVERTINO ROMANO CHIARO;BRUTO
ARTIFICIAL - NEO ULTRA ABSOLUTE WHITE MATTE;ACETINADO;NEO ULTRA ABSOLUTE WHITE MATTE;NEO ULTRA ABSOLUTE WHITE MATTE;ACETINADO
ARTIFICIAL - NEO ULTRA CALACATTA GOLD SOFT;SOFT TOUCH;NEO ULTRA CALACATTA GOLD SOFT;NEO ULTRA CALACATTA GOLD SOFT;SOFT TOUCH
ARTIFICIAL - NEO ULTRA BETON WHITE MATTE;ACETINADO;NEO ULTRA BETON WHITE MATTE;NEO ULTRA BETON WHITE MATTE;ACETINADO
ARTIFICIAL - NEO ULTRA LIMESTONE MATTE;ACETINADO;NEO ULTRA LIMESTONE MATTE;NEO ULTRA LIMESTONE MATTE;ACETINADO
ARTIFICIAL - NEO ULTRA LIMESTONE BRUSHED;ESCOVADO;NEO ULTRA LIMESTONE BRUSHED;NEO ULTRA LIMESTONE BRUSHED;ESCOVADO
ARTIFICIAL - NEO QUARTZ PURE WHITE;POLIDO;NEO QUARTZ PURE WHITE;NEO QUARTZ PURE WHITE;POLIDO
ARTIFICIAL - NEO QUARTZ PURE WHITE;POLIDO;NEO QUARTZ PURE WHITE;NEO QUARTZ PURE WHITE;POLIDO
ARTIFICIAL - NEO QUARTZ PURE WHITE;POLIDO;NEO QUARTZ PURE WHITE;NEO QUARTZ PURE WHITE;POLIDO
ARTIFICIAL - NEO QUARTZ PURE WHITE;POLIDO;NEO QUARTZ PURE WHITE;NEO QUARTZ PURE WHITE;POLIDO
ARTIFICIAL - NEO QUARTZ CALACATTA FENIX;POLIDO;NEO QUARTZ CALACATTA FENIX;NEO QUARTZ CALACATTA FENIX;POLIDO
ARTIFICIAL - NEO QUARTZ CALACATTA SILVER;POLIDO;NEO QUARTZ CALACATTA SILVER;NEO QUARTZ CALACATTA SILVER;POLIDO
ARTIFICIAL - NEO QUARTZ CALACATTA TREND;POLIDO;NEO QUARTZ CALACATTA TREND;NEO QUARTZ CALACATTA TREND;POLIDO
ARTIFICIAL - NEO QUARTZ CARRARA;POLIDO;NEO QUARTZ CARRARA;NEO QUARTZ CARRARA;POLIDO
CHAPA - QUARTZITO CRISTALLO;POLIDO;QUARTZITO CRISTALLO;QUARTZITO CRISTALLO;POLIDO
CHAPA - MARMORE DOLOMITICO CALACATTA MACCHIA ORO;POLIDO;MARMORE DOLOMITICO CALACATTA MACCHIA ORO;MARMORE DOLOMITICO CALACATTA MACCHIA ORO;POLIDO
CHAPA - MARMORE DOLOMITICO MATARAZZO;POLIDO;MARMORE DOLOMITICO MATARAZZO;MARMORE DOLOMITICO MATARAZZO;POLIDO
CHAPA - MARMORE DOLOMITICO MACCHIA VECCHIA;POLIDO;MARMORE DOLOMITICO MACCHIA VECCHIA;MARMORE DOLOMITICO MACCHIA VECCHIA;POLIDO
CHAPA - MARMORE DOLOMÍTICO CALACATTA WHITE;POLIDO;MARMORE DOLOMÍTICO CALACATTA WHITE;MARMORE DOLOMÍTICO CALACATTA WHITE;POLIDO
CHAPA - LADRILHO TRAVERTINO VEIN CUT 100X100X2;BRUTO;LADRILHO TRAVERTINO VEIN CUT 100X100X2;LADRILHO TRAVERTINO VEIN CUT 100X100X2;BRUTO
CHAPA - LADRILHO TRAVERTINO VEIN CUT 80X80X2;BRUTO;LADRILHO TRAVERTINO VEIN CUT 80X80X2;LADRILHO TRAVERTINO VEIN CUT 80X80X2;BRUTO
ARTIFICIAL - NUOVOLAM SOUND NATURALE;ACETINADO;NUOVOLAM SOUND NATURALE;NUOVOLAM SOUND NATURALE;ACETINADO
ARTIFICIAL - NEO ULTRA ARMANI DARK GREY POLISHED;POLIDO;NEO ULTRA ARMANI DARK GREY POLISHED;NEO ULTRA ARMANI DARK GREY POLISHED;POLIDO
ARTIFICIAL - NEO ULTRA ARMANI DARK GREY MATTE;ACETINADO;NEO ULTRA ARMANI DARK GREY MATTE;NEO ULTRA ARMANI DARK GREY MATTE;ACETINADO
CHAPA - QUARTZITO GREEN MAESTRO;POLIDO;QUARTZITO GREEN MAESTRO;QUARTZITO GREEN MAESTRO;POLIDO
CHAPA - MARMORE DOLOMITICO MATARAZZO;POLIDO;MARMORE DOLOMITICO MATARAZZO;MARMORE DOLOMITICO MATARAZZO;POLIDO
CHAPA - QUARTZITO EMANUELLE;POLIDO;QUARTZITO EMANUELLE;QUARTZITO EMANUELLE;POLIDO
CHAPA - MARMORE DOLOMÍTICO BELLINI;POLIDO;MARMORE DOLOMÍTICO BELLINI;MARMORE DOLOMÍTICO BELLINI;POLIDO
CHAPA - MARMORE DOLOMÍTICO SALVATORE POLIDO;POLIDO;MARMORE DOLOMÍTICO SALVATORE POLIDO;MARMORE DOLOMÍTICO SALVATORE POLIDO;POLIDO
CHAPA - MARMORE DOLOMÍTICO SALVATORE ESCOVADO;ESCOVADO;MARMORE DOLOMÍTICO SALVATORE ESCOVADO;MARMORE DOLOMÍTICO SALVATORE ESCOVADO;ESCOVADO
CHAPA - QUARTZITO EMERALD GREEN;POLIDO;QUARTZITO EMERALD GREEN;QUARTZITO EMERALD GREEN;POLIDO
CHAPA - QUARTZITO PRETO KHOUROS;ESCOVADO;QUARTZITO PRETO KHOUROS;QUARTZITO PRETO KHOUROS;ESCOVADO
CHAPA - MARMORE DOLOMITICO CALACATTA MACCHIA ORO;POLIDO;MARMORE DOLOMITICO CALACATTA MACCHIA ORO;MARMORE DOLOMITICO CALACATTA MACCHIA ORO;POLIDO
CHAPA - QUARTZITO DA VINCI;POLIDO;QUARTZITO DA VINCI;QUARTZITO DA VINCI;POLIDO
CHAPA - QUARTZITO CRISTALLO FIRE;POLIDO;QUARTZITO CRISTALLO FIRE;QUARTZITO CRISTALLO FIRE;POLIDO
CHAPA - QUARTZITO PATAGONIA VULCAN;POLIDO;QUARTZITO PATAGONIA VULCAN;QUARTZITO PATAGONIA VULCAN;POLIDO
CHAPA - QUARTZITO CRISTALLO WHITE;POLIDO;QUARTZITO CRISTALLO WHITE;QUARTZITO CRISTALLO WHITE;POLIDO
CHAPA - QUARTZITO CRISTALLO GOLD;POLIDO;QUARTZITO CRISTALLO GOLD;QUARTZITO CRISTALLO GOLD;POLIDO
CHAPA - QUARTZITO ALLURE;POLIDO;QUARTZITO ALLURE;QUARTZITO ALLURE;POLIDO
CHAPA - QUARTZITO MOULIN ROUGE;POLIDO;QUARTZITO MOULIN ROUGE;QUARTZITO MOULIN ROUGE;POLIDO
CHAPA - QUARTZITO VITORIA REGIA;POLIDO;QUARTZITO VITORIA REGIA;QUARTZITO VITORIA REGIA;POLIDO
CHAPA - QUARTZITO AVOCATUS;POLIDO;QUARTZITO AVOCATUS;QUARTZITO AVOCATUS;POLIDO
CHAPA - QUARTZITO PERLA VENATA POLIDO;POLIDO;QUARTZITO PERLA VENATA POLIDO;QUARTZITO PERLA VENATA POLIDO;POLIDO
CHAPA - QUARTZITO PERLA VENATA;ESCOVADO;QUARTZITO PERLA VENATA;QUARTZITO PERLA VENATA;ESCOVADO
CHAPA - QUARTZITO PERLA VENATA;LEVIGADO;QUARTZITO PERLA VENATA;QUARTZITO PERLA VENATA;LEVIGADO
ARTIFICIAL - NEO QUARTZ PURE WHITE;POLIDO;NEO QUARTZ PURE WHITE;NEO QUARTZ PURE WHITE;POLIDO
ARTIFICIAL - NEO QUARTZ PURE WHITE;POLIDO;NEO QUARTZ PURE WHITE;NEO QUARTZ PURE WHITE;POLIDO
ARTIFICIAL - NEO QUARTZ PURE WHITE;POLIDO;NEO QUARTZ PURE WHITE;NEO QUARTZ PURE WHITE;POLIDO
ARTIFICIAL - NEO QUARTZ PURE WHITE;POLIDO;NEO QUARTZ PURE WHITE;NEO QUARTZ PURE WHITE;POLIDO
CHAPA - GRANITO BRANCO ITAUNAS;POLIDO;GRANITO BRANCO ITAUNAS;GRANITO BRANCO ITAUNAS;POLIDO
CHAPA - MARMORE DOLOMITICO CALACATTA MACCHIA ORO;POLIDO;MARMORE DOLOMITICO CALACATTA MACCHIA ORO;MARMORE DOLOMITICO CALACATTA MACCHIA ORO;POLIDO
